{
  "status": "success",
  "metrics": {
    "start_time": 1748718434.1047914,
    "metrics": {},
    "end_time": 1748718434.1558142,
    "duration": 0.05102276802062988,
    "navigation_timing": {
      "connectEnd": 1748718434109,
      "connectStart": 1748718434109,
      "domComplete": 1748718434117,
      "domInteractive": 1748718434117,
      "domainLookupEnd": 1748718434109,
      "domainLookupStart": 1748718434109,
      "loadEventEnd": 1748718434117,
      "navigationStart": 1748718434108,
      "requestStart": 1748718434109,
      "responseEnd": 1748718434111,
      "responseStart": 1748718434110
    }
  }
}